Akshatha,1,2021-06-04 19:01:14.004651Akshatha,1,2021-06-04 19:07:43.047605Akshatha,1,2021-06-04 19:15:19.487889Akshatha,1,2021-06-04 19:16:05.923589Akshatha,1,2021-06-04 19:16:45.199449Akshatha,1,2021-06-04 19:17:31.218651Akshatha,1,2021-06-04 19:19:14.157266Shreyas,2,2021-06-04 19:30:24.715400Akshatha,1,2021-06-04 19:37:42.012207Akshatha,1,2021-06-04 19:41:50.588706Akshatha,1,2021-06-04 19:50:23.666537Akshatha,1,2021-06-04 20:08:35.290159Akshatha,1,2021-06-04 20:30:46.210524Akshatha,1,2021-06-04 20:36:45.374346Akshatha,1,2021-06-04 20:37:17.450938Ashwini,0,2021-06-04 20:37:54.789977Akshatha,1,2021-06-04 21:41:33.217924Shreyas,2,2021-06-04 21:44:17.737165Ashika,3,2021-06-04 21:47:28.874415Akshatha,1,2021-06-05 11:24:55.086648
Akshatha,1,2021-06-05 11:36:04.863691
Akshatha,1,2021-06-05 11:51:31.807672
Akshatha,1,2021-06-05 11:56:59.311515
Akshatha,1,2021-06-05 12:25:42.750171
Akshatha,1,2021-06-05 12:36:33.038962
Akshatha,1,2021-06-05 12:41:09.963119
Akshatha,1,2021-06-05 12:44:56.694525
Akshatha,1,2021-06-05 14:44:11.116139
Akshatha,1,2021-06-05 20:18:49.733724
Akshatha,1,2021-06-05 20:44:40.735826
Shreyas,2,2021-06-05 20:46:48.418204
Ashika,3,2021-06-05 21:13:50.540614
Akshatha,1,2021-06-05 21:25:08.599635
Akshatha,1,2021-06-05 21:30:22.219732
Shreyas,2,2021-06-05 21:49:47.372137
Akshatha,1,2021-06-05 21:55:16.534444
Akshatha,1,2021-06-05 22:05:38.448245
Akshatha,1,2021-06-05 22:29:43.508092
Akshatha,1,2021-06-06 10:24:22.440148
Akshatha,1,2021-06-06 10:33:47.729594
Ashika,3,2021-06-06 10:53:44.690146
Akshatha,1,2021-06-06 11:02:07.595711
Ashika,3,2021-06-06 11:12:39.770131
Akshatha,1,2021-06-06 11:21:37.383319
Akshatha,1,2021-06-06 11:24:20.940103
Akshatha,1,2021-06-06 12:39:44.485783
